coach_id_,first_name,last_name,birth_date,nationality,years_of_experience,contract_start_date,store_id
1000,Randi,Vasey,2025-07-01,France,85,2025-10-12,46
1001,Bobbie,Shelmerdine,2025-07-17,Malta,83,2025-12-17,40
1002,Willi,Paike,2025-07-24,Philippines,75,2026-03-03,16
1003,Thatcher,O'Dee,2025-12-03,China,63,2025-12-23,1
1004,Jeramey,Loutheane,2026-02-01,Armenia,13,2025-11-26,15
1005,Maynard,Asquith,2025-12-07,China,26,2026-04-05,15
1006,Sharron,Jeays,2025-09-12,France,84,2025-08-28,12
1007,Star,De Cleen,2025-06-05,Indonesia,54,2026-03-04,44
1008,Alica,Hurdman,2026-03-16,Kosovo,53,2025-05-29,3
1009,Carlyle,Acedo,2026-01-28,China,3,2025-06-19,9
1010,Demetria,Mathwin,2025-07-09,Philippines,22,2025-09-07,39
1011,Harwell,Gretham,2026-03-27,Russia,41,2025-06-07,10
1012,Des,Wackly,2025-09-02,Philippines,59,2025-06-19,24
1013,Kial,Haskew,2025-12-22,China,40,2026-01-12,25
1014,Rasia,Hillhouse,2025-10-23,Indonesia,3,2026-02-11,16
1015,Daisy,Fierro,2025-06-03,Somalia,67,2025-08-28,14
1016,Goran,Jewer,2025-09-06,Indonesia,24,2026-02-24,47
1017,Umeko,Poore,2025-08-25,Japan,55,2025-08-23,20
1018,Cory,Rosenzwig,2025-06-22,Myanmar,88,2025-09-02,41
1019,Ermentrude,Trehearne,2025-08-01,China,11,2025-08-25,12
1020,Paton,Olivetta,2025-10-20,Argentina,4,2025-12-27,26
1021,Melvyn,Langelay,2025-09-12,Indonesia,89,2025-11-14,13
1022,Tim,Dinley,2025-10-11,Croatia,66,2025-11-02,2
1023,Madlin,Garwill,2026-05-09,Philippines,87,2025-07-31,29
1024,Lawrence,Faldo,2025-08-25,Russia,27,2025-12-31,35
1025,Kermie,Emnoney,2026-05-06,Spain,53,2025-11-27,48
1026,Berkie,Waterdrinker,2025-07-05,Philippines,88,2025-09-21,50
1027,Rosalynd,Berford,2026-01-23,China,32,2026-02-23,42
1028,Garnette,Oxlee,2025-10-19,Greece,91,2025-09-07,46
1029,Boigie,McColley,2025-10-26,Sweden,36,2025-09-27,26
1030,Vitoria,Forster,2025-10-14,Nigeria,9,2025-12-23,22
1031,Sybila,Faire,2025-10-03,Czech Republic,71,2025-05-22,42
1032,Pietra,O'Cannovane,2025-09-14,Brazil,31,2025-09-19,46
1033,Catina,Lemarie,2025-08-09,Indonesia,66,2025-12-30,49
1034,Danell,Killerby,2025-07-15,China,41,2025-06-23,4
1035,Cathe,Lougheid,2025-05-20,Sweden,50,2026-01-04,17
1036,Giffy,Illidge,2025-06-21,Egypt,51,2026-02-26,15
1037,Alasteir,Gandy,2025-08-01,France,83,2026-04-11,5
1038,Christiana,Garmons,2026-03-25,China,23,2025-09-16,3
1039,Romain,Bergeon,2025-05-30,Tunisia,18,2026-03-23,28
1040,Katina,Nash,2025-12-02,Japan,71,2025-11-29,23
1041,D'arcy,Swannell,2025-10-15,China,59,2026-04-15,8
1042,Phillida,Stollenbeck,2025-12-19,Poland,35,2025-06-28,38
1043,Cleavland,Dillicate,2026-03-09,Indonesia,2,2026-02-28,16
1044,Tripp,Clowley,2026-02-07,China,89,2026-02-07,7
1045,Earle,Marriott,2025-07-11,Greece,83,2025-08-10,17
1046,Jesse,Leborgne,2025-07-31,China,84,2025-09-24,42
1047,Maddalena,Dargavel,2026-02-18,Japan,32,2025-10-11,27
1048,Laina,Reed,2025-10-31,Pakistan,78,2026-03-27,31
1049,Wait,Wildin,2025-05-24,Portugal,47,2026-05-17,42
1050,Katrine,McTrusty,2025-07-02,Czech Republic,74,2025-08-13,37
1051,Chandal,Cavan,2025-06-12,Cuba,36,2026-02-10,28
1052,Bernadene,O'Docherty,2026-05-18,Croatia,13,2025-05-26,3
1053,Elsbeth,Creevy,2026-01-16,Ireland,24,2025-08-16,5
1054,Shannah,Demko,2025-11-05,Guatemala,13,2025-10-01,4
1055,Silvia,Renehan,2026-01-05,Spain,88,2025-06-18,8
1056,Curcio,Doddridge,2025-12-09,Ukraine,23,2025-07-21,18
1057,Merralee,Michelmore,2025-08-28,Slovenia,46,2026-01-29,18
1058,Pancho,Grishelyov,2025-09-30,China,18,2026-03-10,11
1059,Kaleena,Iorio,2026-02-05,Norway,55,2026-03-18,47
1060,Sancho,Tschiersch,2026-02-18,Philippines,39,2026-03-14,8
1061,Joana,Amey,2025-08-10,Indonesia,70,2025-12-04,46
1062,Neala,Lumber,2025-06-27,Portugal,18,2025-10-24,20
1063,Hardy,Kobpa,2025-08-14,China,76,2025-06-22,19
1064,Standford,Hasted,2025-10-08,Philippines,2,2026-05-11,39
1065,Maire,Pettie,2026-02-26,China,79,2025-12-23,49
1066,Hope,Stiffell,2025-12-23,Russia,81,2025-05-22,36
1067,Danyette,Theobalds,2025-07-01,Indonesia,1,2025-10-03,38
1068,Kristos,McIlwain,2026-03-13,China,59,2025-06-07,15
1069,Chuck,Borgesio,2025-10-12,China,56,2025-11-22,27
1070,Garrek,Shurey,2025-12-28,Poland,12,2025-10-26,35
1071,Neddie,Hawyes,2026-04-01,China,99,2025-08-08,30
1072,Manon,Death,2025-12-29,Portugal,4,2025-07-01,5
1073,Othilie,Vautier,2025-12-19,Sweden,51,2026-02-18,24
1074,Tedra,Juorio,2026-04-07,South Africa,95,2026-04-25,19
1075,Manolo,Chalmers,2025-07-19,Marshall Islands,25,2026-03-09,15
1076,Bat,Sorrell,2025-12-12,France,75,2025-10-08,21
1077,Adriane,Swalwel,2025-12-15,Indonesia,14,2025-11-16,20
1078,Worden,Tallquist,2026-04-30,Nicaragua,16,2025-07-06,35
1079,Nananne,Steynor,2026-02-07,Brazil,53,2025-12-24,17
1080,Pierrette,Frend,2025-07-05,China,2,2025-12-06,5
1081,Barnabe,Wilstead,2025-07-03,Italy,2,2025-06-29,34
1082,Verge,Brabban,2026-03-22,Mongolia,27,2026-01-19,17
1083,Koenraad,Nano,2026-05-18,South Korea,61,2025-08-06,26
1084,Elliot,Deabill,2025-11-24,Brazil,11,2026-04-24,33
1085,Carena,Jays,2026-01-17,China,68,2026-03-11,29
1086,Sonia,Vassay,2026-03-14,Brazil,79,2026-01-02,24
1087,Irving,Stritton,2026-04-09,Russia,90,2025-12-16,26
1088,Debbie,Kellick,2025-05-23,China,70,2025-08-02,14
1089,Vilma,Basek,2026-01-20,Brazil,65,2025-09-04,35
1090,Langston,Elphinston,2025-09-25,China,48,2025-09-28,34
1091,Westbrooke,Clifton,2025-08-21,Indonesia,50,2026-01-25,6
1092,Sid,Janaway,2026-02-25,Russia,24,2026-05-06,7
1093,Arthur,Amsberger,2025-08-23,Malaysia,57,2025-07-09,24
1094,Wake,McCloy,2026-04-07,Brazil,100,2025-06-30,17
1095,Leelah,Elsmor,2026-02-13,Russia,12,2025-12-19,14
1096,Robers,Chicken,2025-11-20,Sweden,75,2025-12-16,47
1097,Daisy,Rofe,2025-07-26,France,19,2025-06-03,21
1098,Hilliary,Dosdale,2025-12-14,Bosnia and Herzegovina,74,2025-09-20,8
1099,Aloin,Boards,2025-12-02,Philippines,6,2026-03-04,4
1100,Waverly,Vernalls,2025-09-30,China,40,2025-06-27,14
1101,Chance,Szubert,2025-07-14,Brazil,11,2025-07-15,15
1102,Christophe,Saffen,2026-01-18,Poland,54,2026-03-21,14
1103,Beitris,Eddington,2025-06-18,Philippines,32,2025-10-25,28
1104,Adolphus,Dunnett,2025-07-11,Pakistan,36,2026-01-10,28
1105,Damara,Vigurs,2026-02-27,Saudi Arabia,58,2025-10-22,9
1106,Shirleen,Rubinsohn,2025-10-14,Russia,92,2026-02-14,36
1107,Brad,Goodbody,2025-05-23,China,11,2025-06-09,20
1108,Bartel,Houlden,2025-11-09,Portugal,69,2025-07-06,27
1109,Frasco,Woodlands,2025-10-20,Russia,15,2025-07-08,30
1110,Abramo,Suffield,2025-09-01,Indonesia,59,2025-10-05,2
1111,Elnore,Keynd,2025-09-07,Russia,68,2026-04-02,23
1112,Kristine,Janecki,2025-07-25,Indonesia,94,2025-09-12,35
1113,Caroljean,Sancho,2026-01-13,Sweden,17,2025-07-08,24
1114,Philbert,Verbrugghen,2026-04-30,Azerbaijan,79,2025-06-09,24
1115,Rey,Wallentin,2025-10-06,Botswana,38,2025-11-25,1
1116,Tuesday,Colston,2025-10-18,Peru,98,2025-10-26,3
1117,Parnell,Rosengart,2025-07-22,Peru,20,2025-09-21,27
1118,Blondie,Jemison,2025-06-15,Gambia,65,2025-10-01,22
1119,Tiffie,Bauman,2025-09-14,Indonesia,26,2025-07-14,18
1120,Enos,Hudspith,2026-04-15,China,26,2026-04-27,39
1121,Anjanette,Samart,2025-10-19,China,27,2026-03-20,34
1122,Lula,Di Giacomettino,2025-05-24,Philippines,62,2025-11-04,27
1123,Wakefield,Silver,2025-11-03,Bolivia,74,2026-04-16,16
1124,Janeen,Martinello,2026-03-27,Ukraine,29,2026-05-03,24
1125,Lillian,Kings,2026-04-11,China,15,2025-10-26,49
1126,Falito,Pressdee,2026-02-20,Indonesia,53,2026-01-22,14
1127,Hedy,Spracklin,2026-05-17,China,1,2025-08-30,42
1128,Kristan,Langfitt,2026-04-27,China,93,2026-01-14,4
1129,Jarret,Aslin,2025-08-30,Greece,33,2025-05-27,11
1130,Goraud,Doumic,2025-09-12,Ethiopia,95,2026-01-06,24
1131,Tobye,Thurner,2026-01-08,Norway,54,2026-04-10,35
1132,Eustacia,Verchambre,2025-11-18,China,46,2026-02-24,26
1133,Karlee,Folliott,2025-12-08,China,15,2025-09-10,48
1134,Eveleen,Sole,2025-05-20,Canada,57,2025-06-06,39
1135,Yuri,Broadway,2025-11-24,Chile,99,2025-06-04,19
1136,Angel,Rentalll,2025-11-21,Philippines,87,2025-06-01,13
1137,Gabbi,Trunkfield,2025-10-02,Indonesia,5,2025-08-10,30
1138,Alfred,Stoacley,2025-10-15,Kenya,17,2025-09-11,32
1139,Mordecai,Denerley,2026-04-11,Philippines,47,2025-10-06,17
1140,Aarika,Raggitt,2025-08-15,Mexico,40,2026-03-13,40
1141,Lexi,Dunbavin,2025-09-08,United States,30,2026-01-03,45
1142,Luigi,Scad,2025-09-21,Greece,33,2026-05-14,21
1143,Leigh,Picott,2026-03-14,Portugal,84,2026-03-22,7
1144,Saxon,Bushell,2025-12-16,Belarus,17,2025-09-02,31
1145,Earl,Kundert,2025-08-24,Portugal,60,2026-02-22,12
1146,Norry,Kettridge,2026-02-08,China,25,2025-12-22,14
1147,Amos,Ducarne,2026-05-15,Vietnam,40,2026-05-14,15
1148,Alain,Brinkworth,2025-09-18,China,37,2025-09-17,11
1149,Alden,MacTrustam,2026-02-02,Poland,99,2025-11-19,42
1150,Linnie,Saldler,2026-02-19,China,53,2025-11-14,20
1151,Jandy,Harrinson,2025-10-11,Guinea-Bissau,25,2026-02-17,44
1152,Tova,Truckett,2025-12-15,France,44,2025-05-30,23
1153,Ransom,Cotterell,2025-07-12,Sweden,66,2026-05-12,15
1154,Allister,Hawkings,2025-08-04,Kuwait,31,2026-01-24,42
1155,Marybeth,Aykroyd,2026-03-31,Argentina,46,2025-09-30,17
1156,Byrann,Pritchett,2025-10-19,Japan,94,2025-11-10,28
1157,Angeline,Kirkwood,2026-05-08,Philippines,78,2025-10-21,3
1158,Linzy,Pereira,2026-04-04,Indonesia,94,2025-08-02,24
1159,Catherina,Prandi,2025-10-17,China,31,2025-10-01,3
1160,Karlis,Chiplin,2025-06-26,China,78,2026-01-28,4
1161,Ebonee,Chrestien,2026-01-22,China,15,2025-10-17,16
1162,Nikoletta,Hailey,2026-04-22,Indonesia,25,2025-12-05,20
1163,Ardyth,Lynnett,2026-01-23,Brazil,65,2025-12-29,46
1164,Marlane,Boultwood,2026-05-12,Malaysia,59,2026-01-11,18
1165,Hesther,Rosengarten,2025-09-02,Philippines,66,2026-02-09,19
1166,Jacquie,Kildahl,2025-08-08,Ukraine,68,2026-01-18,40
1167,Christabella,Cobello,2025-09-11,Greece,70,2025-10-31,35
1168,Grange,McCritichie,2025-12-21,Brazil,28,2025-12-15,28
1169,Salmon,Gandar,2026-03-06,China,2,2025-09-27,29
1170,Erinn,Murdie,2026-04-19,China,74,2025-09-14,4
1171,Nadiya,Forre,2025-05-29,Philippines,57,2026-04-19,6
1172,Dedra,Reddan,2025-11-15,Indonesia,91,2026-02-19,38
1173,Massimiliano,Tremblot,2025-10-30,Japan,32,2026-03-07,20
1174,Samara,Bisgrove,2025-06-12,Uzbekistan,84,2025-09-02,8
1175,Petr,McCritchie,2026-05-18,China,66,2025-10-13,25
1176,Marcus,Flasby,2025-08-22,Pakistan,26,2025-05-31,48
1177,Bat,McCathay,2026-04-13,South Korea,15,2026-04-19,39
1178,Inger,Crease,2025-07-01,Czech Republic,48,2026-04-02,20
1179,Archaimbaud,Syme,2025-08-10,Ivory Coast,70,2026-03-28,46
1180,Wylie,McGairl,2026-01-26,China,3,2025-06-02,38
1181,Lucio,Jenton,2026-03-26,Sweden,72,2026-04-17,10
1182,Cherri,McCreery,2026-04-10,United States,87,2025-12-13,6
1183,Raleigh,Showers,2025-09-01,Palestinian Territory,91,2026-02-20,24
1184,Heddi,Coultar,2025-10-09,Senegal,57,2025-08-17,45
1185,Aretha,Leatt,2025-07-26,China,26,2025-08-28,32
1186,Mae,Walling,2025-07-26,Indonesia,88,2026-04-02,42
1187,Katya,Allwright,2025-06-15,China,92,2025-07-31,50
1188,Dosi,MacManus,2025-09-04,China,64,2026-04-07,1
1189,Dawn,Cormode,2025-06-17,Russia,37,2026-04-19,32
1190,Sherwynd,Pomeroy,2025-07-25,Barbados,54,2025-08-18,30
1191,Travus,Straughan,2025-11-17,Ecuador,74,2026-04-21,14
1192,Angelica,Sloane,2025-06-03,Indonesia,61,2026-04-30,47
1193,Elena,Woolmore,2025-06-11,France,98,2026-04-23,34
1194,Tomkin,Stayt,2026-02-12,Bangladesh,29,2026-04-09,19
1195,Sunny,Gierhard,2026-04-11,Indonesia,80,2025-11-23,38
1196,Kristos,Keward,2025-07-20,China,81,2025-08-07,15
1197,Alisha,Quaintance,2025-07-24,Armenia,47,2025-06-28,33
1198,Nan,Belly,2026-02-17,Peru,35,2026-03-28,29
1199,Brunhilda,Mularkey,2025-09-16,China,71,2025-12-17,14
1200,Horatio,Cello,2025-07-17,Indonesia,65,2025-12-11,8
1201,Ellerey,McCafferky,2025-12-11,Belarus,35,2025-08-09,32
1202,Goldi,Whitnall,2025-06-22,France,11,2025-12-17,42
1203,Toma,Tinline,2025-06-27,Russia,6,2025-08-20,21
1204,Garek,Richings,2026-04-19,China,10,2026-02-15,32
1205,Killian,Doubleday,2026-02-23,Thailand,53,2026-05-01,43
1206,Cherise,Redmond,2025-07-11,Poland,56,2025-11-10,29
1207,Brocky,Castelain,2025-12-01,Russia,88,2026-05-16,1
1208,Lyndell,Hessle,2026-02-21,China,14,2025-10-17,33
1209,Ibby,Hellings,2026-03-06,Poland,24,2026-01-29,25
1210,Brynna,Phillpot,2026-01-01,China,92,2025-09-14,26
1211,Dedra,Roocroft,2026-03-25,Sweden,22,2025-07-02,33
1212,Obediah,Ilive,2025-09-07,Indonesia,90,2026-01-05,5
1213,Burtie,Sambell,2025-10-30,Ukraine,72,2026-05-01,11
1214,Emlynne,Martell,2026-05-18,China,77,2026-01-28,39
1215,Timmie,Point,2025-10-31,China,14,2025-05-19,23
1216,Denney,Marde,2026-02-13,Madagascar,90,2026-04-26,40
1217,Jackelyn,McCandless,2025-08-16,Sweden,38,2025-08-14,47
1218,Joelie,Wallace,2025-10-07,South Africa,6,2025-09-28,16
1219,Joel,Billing,2026-03-13,China,51,2025-07-11,1
1220,Mariquilla,Idell,2025-10-21,Portugal,66,2026-05-13,49
1221,Ibby,Emerton,2025-08-16,Panama,23,2026-01-09,33
1222,Alleyn,Cardero,2026-02-23,Greece,87,2025-07-11,29
1223,Marilin,Millmore,2025-10-18,China,71,2025-12-18,5
1224,Westley,Mueller,2026-01-22,Philippines,84,2026-02-16,12
1225,Robbyn,Barttrum,2026-03-31,Azerbaijan,65,2025-12-18,35
1226,Jenna,Nielson,2026-04-04,China,34,2025-09-07,20
1227,Hasheem,Lepard,2025-06-16,Russia,31,2026-01-17,9
1228,Erma,Guite,2025-08-02,New Zealand,46,2025-09-10,37
1229,Umeko,Penna,2025-07-22,Japan,38,2025-06-17,15
1230,Sarena,Kobpa,2025-05-23,Philippines,50,2025-06-19,31
1231,Ludovika,Wimbush,2026-03-06,France,96,2025-07-05,27
1232,Huntley,Lamps,2025-10-22,Indonesia,3,2025-07-10,1
1233,Andriana,Cadreman,2025-11-10,Indonesia,8,2025-11-21,32
1234,Tammy,Winsor,2025-07-19,Luxembourg,78,2025-09-07,43
1235,Wade,Myles,2025-06-05,China,37,2025-08-02,48
1236,Saba,Fenning,2025-07-07,China,69,2025-10-23,32
1237,Balduin,Faudrie,2026-03-14,Laos,18,2026-02-26,32
1238,Carolus,Heales,2026-01-25,Philippines,20,2025-05-20,3
1239,Wit,Everett,2026-04-26,China,81,2025-06-25,17
1240,Kingsly,Linch,2026-05-12,Portugal,43,2026-02-03,38
1241,Ania,McAtamney,2025-06-25,Latvia,2,2025-11-16,26
1242,Anitra,Avramchik,2025-10-20,Philippines,34,2025-12-08,41
1243,Theodora,Landman,2026-04-09,China,70,2026-03-07,28
1244,Hill,Vellender,2026-01-29,Brazil,12,2025-07-28,26
1245,Phip,Spillman,2025-08-18,Guinea,55,2025-06-15,13
1246,Ansell,Oxburgh,2025-08-18,Poland,94,2025-07-18,31
1247,Margarete,Merrell,2026-04-18,Czech Republic,14,2025-11-02,44
1248,Che,Larking,2025-06-19,Russia,5,2025-07-17,30
1249,Jazmin,Proughten,2026-04-24,Thailand,62,2025-11-24,28
1250,Goddart,Hoggan,2025-11-28,Italy,39,2025-06-02,41
1251,Iago,Yarnold,2026-02-17,Philippines,68,2025-10-08,45
1252,Perceval,Morfett,2025-12-26,Bulgaria,50,2025-12-28,38
1253,Kristan,Danet,2025-09-23,Greece,69,2026-05-05,33
1254,Della,Burnapp,2025-08-06,Poland,4,2025-12-16,19
1255,Fredia,Piser,2026-01-10,Peru,8,2025-06-12,3
1256,Lucine,Chattoe,2026-04-07,Syria,73,2025-11-14,17
1257,Phillip,Herreran,2025-09-23,China,68,2025-06-25,23
1258,Lyndy,Clues,2026-02-11,Argentina,94,2025-09-22,44
1259,Christian,Gligoraci,2025-11-14,Philippines,81,2025-12-15,32
1260,Tracey,Burgum,2025-09-16,Ukraine,26,2026-03-11,28
1261,Sol,Giacobilio,2025-10-02,Indonesia,96,2026-01-07,5
1262,Moises,Najera,2026-05-06,Peru,1,2025-07-18,7
1263,Mano,Rowthorn,2026-02-16,Sweden,11,2025-10-30,10
1264,Albie,Restall,2025-12-04,Portugal,1,2026-01-21,7
1265,Candida,Emberson,2025-08-16,Brazil,26,2026-03-12,17
1266,Cart,Headings,2025-10-02,Saudi Arabia,43,2026-05-12,26
1267,Gannie,Sheals,2025-05-21,Portugal,9,2025-12-11,49
1268,Jameson,Garmans,2026-01-19,Colombia,73,2026-02-23,49
1269,Peria,Casburn,2025-10-26,Indonesia,19,2026-01-03,48
1270,Lynelle,Beaford,2025-11-24,Cyprus,60,2025-09-03,21
1271,Kary,McNamara,2025-06-30,South Africa,37,2025-09-22,12
1272,Esme,Mugg,2025-11-27,Brazil,21,2025-06-27,22
1273,Casey,Blakeway,2025-10-29,Greece,56,2025-11-15,13
1274,Vinnie,Gheraldi,2025-11-03,United States,4,2025-10-26,12
1275,Freedman,Royston,2026-03-18,South Korea,71,2026-01-29,20
1276,Flossie,Lind,2026-04-11,Poland,34,2025-07-02,42
1277,Natty,McGilroy,2025-10-06,Indonesia,45,2025-06-26,41
1278,Reinhold,Sparkwill,2025-09-08,Nigeria,82,2025-11-20,43
1279,Gwyn,Revill,2025-10-23,Indonesia,13,2025-11-10,44
1280,Janaya,Dencs,2026-02-15,Malawi,68,2025-10-17,40
1281,Juditha,O'Cullinane,2025-09-21,Finland,11,2025-06-17,42
1282,Valentin,Fitzroy,2025-08-19,Argentina,29,2025-07-28,18
1283,Ginnifer,Clatworthy,2026-03-20,Indonesia,69,2025-10-23,19
1284,Tonie,Delafont,2025-09-15,Costa Rica,31,2026-04-29,40
1285,Eduardo,Woolam,2026-02-07,China,60,2025-09-18,17
1286,Morgan,Shankle,2025-11-26,Mexico,40,2025-12-07,7
1287,Murvyn,Stickel,2026-04-18,Botswana,99,2025-09-10,48
1288,Helene,Prestidge,2026-02-02,Philippines,98,2025-09-02,50
1289,Verney,Gaitone,2026-04-17,Indonesia,49,2025-06-11,47
1290,Aguie,Clace,2026-02-18,Turkmenistan,42,2026-03-09,47
1291,Randolph,Gozzard,2025-09-29,Indonesia,54,2025-10-09,1
1292,Kacy,Raisbeck,2026-04-08,Poland,80,2025-09-18,49
1293,Cloris,McCaughey,2026-03-25,Japan,77,2026-03-26,5
1294,Lawry,Keri,2025-09-29,Poland,35,2025-12-12,28
1295,Nikolia,Ricard,2026-02-13,Portugal,56,2025-10-31,27
1296,Guntar,Campanelli,2025-12-29,Sweden,63,2025-09-04,32
1297,Winnifred,Thake,2026-05-18,Jordan,74,2025-11-23,36
1298,Edik,Eteen,2025-07-20,Canada,42,2025-06-22,3
1299,Deborah,Wilds,2026-04-14,Portugal,55,2025-06-22,25
1300,Kyle,Sustins,2026-05-10,Indonesia,4,2026-02-10,27
1301,Henriette,Josskoviz,2026-02-27,Indonesia,53,2026-04-21,44
1302,Clare,Kaindl,2025-11-22,China,4,2025-07-29,22
1303,Arlie,Clohissy,2025-10-16,Uganda,41,2025-05-23,1
1304,Hillery,Valentinetti,2025-12-20,Portugal,85,2025-06-27,29
1305,Baily,Summerlad,2025-10-23,Brazil,52,2026-03-17,6
1306,Jammal,Asher,2026-01-25,Ukraine,56,2025-10-29,33
1307,Cindee,Kulvear,2025-12-06,Indonesia,14,2026-02-08,42
1308,Dory,Petranek,2026-03-19,Bulgaria,17,2026-01-28,15
1309,Shandy,Coffelt,2025-05-21,South Sudan,2,2026-04-28,4
1310,Freddie,Klimczak,2025-12-15,Philippines,3,2025-09-05,29
1311,Cordy,Akess,2025-07-28,Portugal,18,2025-08-20,10
1312,Hunter,Kienl,2026-02-18,China,18,2025-05-24,20
1313,Burk,Lince,2025-10-14,Ukraine,40,2025-07-20,16
1314,Chloe,Poulglais,2025-10-24,China,61,2025-06-23,4
1315,Eyde,Preston,2026-04-07,Finland,80,2026-03-31,8
1316,Diann,Vowdon,2025-12-12,Nigeria,15,2025-05-31,43
1317,Patty,Ableson,2025-07-22,Latvia,16,2026-01-10,17
1318,Kandace,Schwand,2025-06-29,Portugal,64,2026-04-18,8
1319,Rey,Sprosson,2025-12-22,Nigeria,50,2026-03-13,14
1320,Rodge,Ainscough,2025-08-12,France,7,2026-04-02,28
1321,Arleyne,Weatherhogg,2025-10-23,Norway,62,2026-04-16,8
1322,Lissa,Edmand,2026-01-05,China,46,2026-01-18,44
1323,Marigold,Lerven,2026-01-24,China,6,2025-11-18,14
1324,Anna-diana,Gaskin,2025-06-13,Poland,31,2025-05-23,34
1325,Yance,Lukins,2025-07-18,United States,95,2025-08-02,7
1326,Phineas,Vizor,2025-12-28,China,19,2025-06-19,29
1327,Mary,Ohm,2025-12-05,Philippines,70,2025-12-17,47
1328,Lorie,Archdeckne,2026-04-18,Indonesia,61,2025-07-13,21
1329,Cyndia,Blincowe,2025-12-31,Ukraine,47,2026-02-02,14
1330,Bunnie,Milleton,2025-07-11,Croatia,6,2026-04-06,14
1331,Aldo,Escofier,2026-05-06,China,24,2025-11-01,46
1332,Denise,Gamwell,2026-02-16,China,38,2026-03-06,21
1333,Ado,Cornbill,2025-10-02,China,85,2026-02-03,8
1334,Carmela,Roo,2026-05-10,Canada,89,2025-08-12,48
1335,Keenan,Drinkhall,2025-08-24,Russia,6,2025-11-04,20
1336,Kinsley,Walduck,2025-11-01,France,10,2025-09-08,21
1337,Blane,Lockyer,2025-12-30,China,63,2026-02-07,16
1338,Alvy,Antcliff,2026-01-17,Russia,13,2025-10-18,26
1339,Fifi,Nixon,2025-07-19,Indonesia,62,2026-03-06,36
1340,Roseanna,Farnan,2025-07-21,Macedonia,20,2025-07-26,10
1341,Lydon,Guerreau,2026-02-25,China,57,2026-03-25,25
1342,Neville,Dillintone,2026-02-19,Portugal,97,2026-05-07,40
1343,Geoff,Laux,2025-09-08,Philippines,69,2025-11-30,6
1344,Brod,Vardy,2025-10-23,Japan,72,2026-03-10,7
1345,Sharlene,Bakes,2025-09-17,Philippines,73,2025-07-03,25
1346,Bobby,Cockett,2025-10-20,Dominican Republic,79,2025-11-03,18
1347,Doug,Cleave,2026-03-29,Costa Rica,100,2026-04-22,38
1348,Auria,Aggio,2025-06-17,Mexico,36,2026-01-29,4
1349,Cristobal,Goldston,2025-05-31,China,16,2025-10-11,6
1350,Ibby,Brownscombe,2025-10-29,China,16,2026-01-13,10
1351,Rosaleen,Slack,2025-06-27,Brazil,92,2025-05-26,37
1352,Norrie,Oslar,2025-05-23,Czech Republic,97,2026-02-02,19
1353,Aubry,Thackeray,2026-02-06,Argentina,77,2025-05-27,48
1354,Jose,Raynham,2025-07-21,Nigeria,13,2026-03-30,28
1355,Sherye,Crinion,2026-02-08,Georgia,57,2025-08-10,11
1356,Austen,Carah,2025-07-31,Macedonia,97,2025-08-03,49
1357,Janel,Lydford,2025-08-04,China,48,2025-10-11,26
1358,Felix,Harget,2025-07-01,Bulgaria,54,2025-08-28,9
1359,Ilka,Matushevitz,2025-09-06,Indonesia,67,2026-02-01,9
1360,Dionis,Almon,2025-08-30,South Africa,76,2026-04-16,23
1361,Katusha,Parsisson,2025-12-23,South Korea,1,2025-12-02,10
1362,Lynna,Cowley,2025-10-30,Indonesia,74,2025-10-09,16
1363,Barbra,Shoreson,2025-12-05,Russia,96,2026-02-22,48
1364,Boothe,Grafhom,2025-08-24,Russia,96,2026-01-29,4
1365,Cheslie,Greaser,2026-02-05,China,8,2025-11-21,41
1366,Rossie,Sargerson,2025-08-05,Philippines,100,2025-06-08,32
1367,Debor,Bilbie,2025-11-23,Chile,54,2026-02-02,13
1368,Anselm,Goodrich,2025-07-25,Mexico,59,2025-10-29,32
1369,Karlen,Tandey,2025-11-27,China,71,2025-09-04,1
1370,Kelwin,Currell,2026-01-15,North Korea,26,2025-08-29,14
1371,West,Haet,2025-08-17,Cuba,56,2026-04-22,7
1372,Duncan,Philipot,2026-02-28,Colombia,25,2026-02-08,24
1373,Roddie,Mew,2026-04-11,Colombia,26,2026-04-14,39
1374,Warren,Gallimore,2025-11-13,Peru,92,2026-03-01,46
1375,Selma,Hughs,2025-05-25,Brazil,50,2025-09-24,16
1376,Clari,Klasen,2025-10-30,Poland,63,2026-02-22,21
1377,Andras,Cullinan,2026-01-04,Brazil,13,2025-10-11,42
1378,Ysabel,Dutnell,2025-11-21,Portugal,74,2026-03-01,50
1379,Ramonda,O' Gara,2025-11-30,France,48,2025-12-19,12
1380,Farra,Frift,2026-01-03,China,35,2025-11-26,32
1381,Granger,Bakesef,2025-10-05,China,99,2026-04-07,24
1382,Lea,Billie,2026-02-09,Russia,87,2025-11-21,1
1383,Morly,Iveans,2025-07-03,China,97,2025-10-28,8
1384,Pattie,Beretta,2026-03-05,Poland,2,2025-12-03,34
1385,Marabel,De Luna,2025-10-31,Costa Rica,6,2026-04-21,44
1386,Jammie,Jiracek,2026-01-03,Indonesia,58,2025-05-29,42
1387,Karen,Van Oort,2025-08-30,China,16,2025-07-31,41
1388,Sigfrid,Mawhinney,2026-03-20,Poland,26,2025-12-02,37
1389,Lorne,Lindup,2025-05-31,China,85,2025-10-15,9
1390,Fifine,Hail,2025-06-11,Indonesia,16,2026-03-15,29
1391,Clywd,Acum,2026-03-25,Czech Republic,28,2025-07-06,44
1392,Danica,Philips,2025-12-12,Russia,31,2026-01-25,2
1393,Evvie,Surmeir,2025-06-13,Chile,31,2025-10-14,24
1394,Cheri,Rodie,2026-02-14,Poland,79,2025-11-12,15
1395,Sisely,L'Hommeau,2026-01-24,Indonesia,94,2026-04-24,48
1396,Giulia,Gillbee,2025-07-17,Greece,52,2025-09-05,36
1397,Giovanna,Fawcus,2025-11-23,Czech Republic,17,2025-06-12,42
1398,Mano,Semper,2025-11-09,New Zealand,80,2025-09-17,24
1399,Virge,Kembrey,2025-12-17,Philippines,87,2025-12-30,41
1400,Lancelot,O'Shea,2025-11-03,Finland,87,2026-03-21,4
1401,Marne,Drake,2026-05-17,Colombia,26,2026-04-22,27
1402,Wilburt,Hawtrey,2025-06-17,Canada,41,2025-05-23,23
1403,Curry,Messom,2025-06-11,Sweden,69,2025-09-10,6
1404,Alejandrina,Cyseley,2026-01-02,Honduras,91,2025-10-08,9
1405,Addi,Sprade,2025-09-05,Russia,6,2025-09-08,3
1406,Janetta,Hoggan,2026-04-02,Argentina,94,2026-01-17,30
1407,Rosy,Hartin,2026-03-07,Mexico,62,2026-04-16,48
1408,Shane,Bennetto,2026-03-20,Nigeria,74,2025-09-12,24
1409,Katuscha,Alishoner,2025-05-20,Panama,61,2026-02-06,13
1410,Anatola,Kingshott,2025-07-09,France,36,2026-01-21,43
1411,Olivier,Edis,2026-02-01,China,73,2026-02-01,24
1412,Silvia,Silby,2026-04-26,Cuba,95,2026-02-02,34
1413,Natty,Cadlock,2025-12-21,China,8,2025-11-22,9
1414,Caroljean,Alliband,2026-04-10,Mongolia,58,2025-10-13,37
1415,Goran,Monshall,2025-12-22,Sweden,99,2025-07-11,16
1416,Sherwin,Jeroch,2026-02-19,Honduras,3,2025-07-14,24
1417,Dar,Creswell,2026-03-20,Costa Rica,7,2026-05-17,35
1418,Caresa,Dysert,2025-11-23,Bangladesh,44,2025-09-19,20
1419,Hedwig,Shapera,2026-04-19,Indonesia,79,2025-06-12,11
1420,Major,Truse,2025-07-23,Ireland,73,2025-07-08,42
1421,Devin,Priscott,2026-04-20,Russia,62,2026-02-09,17
1422,Hadlee,Margarson,2026-05-18,Poland,80,2025-09-30,44
1423,Farley,Canavan,2025-10-24,Japan,1,2026-01-23,1
1424,Claiborne,Vogel,2026-01-13,Philippines,55,2026-05-04,24
1425,Gavin,Trevain,2025-11-25,Indonesia,41,2025-06-10,15
1426,Lynnea,Fullstone,2025-08-21,Palestinian Territory,87,2025-09-25,10
1427,Ansell,Life,2026-02-18,Portugal,77,2026-02-26,5
1428,Gwendolyn,Fist,2026-03-26,Poland,75,2025-12-07,14
1429,Audry,Ponte,2025-12-20,Indonesia,55,2026-04-23,21
1430,Ursulina,Brolly,2025-08-24,China,98,2025-07-26,16
1431,Kailey,Durn,2026-04-28,Greece,30,2025-05-26,25
1432,Lev,Pattesall,2025-09-28,Russia,12,2025-09-12,1
1433,Harlen,Burhouse,2025-07-04,China,75,2025-06-02,16
1434,Emanuele,Aasaf,2026-04-02,Mexico,70,2025-12-09,33
1435,Clyve,Syvret,2025-07-18,Thailand,88,2026-01-12,49
1436,Ellie,Rawsthorne,2025-06-10,China,69,2025-11-18,7
1437,Braden,Wheatland,2026-02-15,Canada,15,2025-09-11,14
1438,Danielle,Sonschein,2026-05-07,France,20,2025-06-08,47
1439,Rollo,Hebblewaite,2025-07-19,Brazil,57,2026-03-03,16
1440,Marie-ann,Denisard,2025-11-03,Indonesia,55,2026-04-13,13
1441,Hastie,Mitkcov,2025-12-31,China,6,2026-05-03,30
1442,Carling,Lippiello,2026-02-23,Czech Republic,64,2025-06-21,36
1443,Brinn,Elwell,2025-10-21,United States,9,2026-05-14,4
1444,Channa,Heinrici,2026-03-18,China,68,2025-11-03,24
1445,Wendell,Riccardi,2026-03-13,Honduras,52,2025-09-02,41
1446,Nickey,Fishpool,2026-04-23,Sweden,53,2026-01-08,12
1447,Edyth,Kentwell,2025-10-05,France,100,2025-08-04,33
1448,Georgeta,Tremouille,2025-11-15,Netherlands,90,2025-07-07,26
1449,Layney,Woodlands,2026-04-17,China,3,2026-03-01,10
1450,Mark,Habden,2026-03-05,China,100,2025-05-24,16
1451,Mei,Reddle,2025-10-26,Costa Rica,53,2026-02-22,39
1452,Norma,Camocke,2026-03-06,Indonesia,16,2025-10-29,36
1453,Fionna,Muldowney,2026-02-07,Brazil,76,2025-10-02,39
1454,Guntar,Neames,2025-11-18,Iraq,48,2026-05-10,33
1455,Ellynn,Kirvell,2026-04-16,China,2,2025-09-04,17
1456,Isadora,Felmingham,2025-10-18,Poland,49,2025-07-06,33
1457,Care,Edmonson,2025-12-29,China,33,2025-12-25,27
1458,Murielle,Bontoft,2025-09-12,China,48,2025-10-06,36
1459,Newton,Van der Velde,2025-11-27,Portugal,83,2025-08-03,8
1460,Mellicent,Tyce,2025-06-10,China,25,2025-12-23,18
1461,Tatiana,Dahlborg,2025-12-25,Brazil,42,2025-12-24,20
1462,Karole,Andreaccio,2025-08-21,Panama,70,2025-07-27,6
1463,Aggy,Netley,2026-03-13,Brazil,37,2025-10-16,40
1464,Kirbie,Kyles,2026-03-27,Brazil,51,2026-02-18,3
1465,Brade,Ayling,2026-05-02,Macedonia,20,2026-03-28,40
1466,Marlow,Earnshaw,2025-07-18,Chad,5,2026-04-12,8
1467,Tiebold,Lowless,2025-09-18,Philippines,8,2025-09-25,26
1468,Guillemette,Tinton,2025-10-27,China,99,2025-07-03,40
1469,Colleen,Aslet,2025-08-11,Brazil,5,2026-05-09,2
1470,Yetta,Gurdon,2025-08-15,China,67,2025-08-01,14
1471,Vania,Shimwell,2025-07-25,China,50,2026-03-30,31
1472,Marylynne,Keys,2025-08-23,China,54,2026-02-24,14
1473,Richard,Husbands,2026-04-22,United States,91,2026-04-23,35
1474,Northrop,Garrold,2026-01-27,China,52,2025-07-21,21
1475,Kaine,Klambt,2026-01-11,Latvia,93,2026-02-05,4
1476,Gui,Lucio,2026-04-11,Thailand,39,2025-10-04,12
1477,Evangeline,Lufkin,2026-02-21,Venezuela,86,2026-04-13,22
1478,Ainsley,Crowdson,2026-03-13,Philippines,52,2025-09-13,28
1479,Benedict,Stronough,2026-04-15,Philippines,10,2026-01-18,13
1480,Ingamar,Lucien,2025-12-19,Ireland,98,2026-02-23,49
1481,Paten,Kesterton,2025-09-22,Philippines,94,2025-12-10,9
1482,Effie,Vaadeland,2026-04-26,Portugal,39,2026-03-28,43
1483,Vachel,Gowling,2025-08-14,China,62,2025-05-20,48
1484,Farrel,Tallowin,2025-05-26,Indonesia,91,2026-03-08,42
1485,Steve,Ruppeli,2025-10-14,China,67,2026-03-31,21
1486,Coralie,Bendall,2025-10-22,China,67,2026-04-07,5
1487,Lyman,Asling,2026-04-01,Russia,95,2025-07-02,18
1488,Gaylene,Pettus,2025-06-11,United States,94,2025-08-01,44
1489,Melisent,Klimshuk,2026-05-06,Uganda,23,2025-08-15,23
1490,Elita,Foukx,2025-12-22,Russia,39,2025-08-11,26
1491,Terry,Gosenell,2025-09-13,Saudi Arabia,77,2025-06-01,3
1492,Kipper,Pringley,2025-07-05,Poland,64,2025-08-24,7
1493,Alane,Twinterman,2026-04-14,Poland,41,2025-06-20,8
1494,Callida,Eseler,2026-05-14,Indonesia,59,2025-11-18,7
1495,Morris,Robardley,2025-06-03,China,97,2026-04-13,8
1496,Nicki,Sprigin,2026-05-04,France,47,2026-04-30,5
1497,Wendell,Hoovart,2025-08-05,China,57,2025-12-17,5
1498,Norrie,Hassekl,2025-06-26,South Korea,65,2025-06-12,18
1499,Sue,Dwight,2025-11-13,Philippines,87,2025-07-18,27
